"","产品简称","当年收益.","ls_value[[month.index]][, 2]","ls_value[[month.index]][, 2]","ls_value[[month.index]][, 2]"
"25","690号",111.48,"102.8",46.55,76.37
"76","A基金",67.1,"86.01",90.46,92.82
"609","阿米巴成长1号",22.4,"25.81",28.79,34.89
"1191","艾亿新融步步赢量化",-1.89,"-9.41",-9.44,-10.41
"1466","安洪稳步",-34.83,"-30.98",-27.93,-27.13
"220","安信紫星成长",44.4,"46.77",51.55,59.82
"271","安信尊享成长",40.23,"39.28",34.99,35.83
"1492","安盈1号",-87.3,"-82.28",-82.3,-82.03
"1154","安州价值优选1号",0.36,"12.68",26.11,33.01
"1459","巴氏财团一号",-29.2,"-16.01",-15.33,-23.45
"381","巴沃成长一号",32.9,"41.54",51.39,61.43
"1413","宝晟1期",-17.62,"-5.29",-6.59,0.52
"1307","宝晟2期",-8.24,"2.11",-0.14,7.92
"1323","宝时正气1期",-9.06,"13.47",26.74,28.63
"774","保银量化石榴",16.23,"17.96",19.34,20.61
"86","呐1期",64.67,"73.9",76.33,80.36
"12","毕咸01期",152.93,"197.32",172.45,185.71
"356","冰剑10号",34.53,"46.76",43.24,36.78
"225","冰剑1号",43.88,"53.86",51.4,48.68
"197","冰剑2号",48.11,"60.81",52.5,50.94
"263","冰剑5号",40.71,"53.05",49.05,47.82
"240","冰剑6号",42.65,"53.18",49.23,47.83
"217","冰剑7号",44.77,"54.3",56.93,48.71
"212","冰冷1期",46.05,"52.09",52.27,62.25
"248","博道精选1期",41.88,"54.84",67.68,72.38
"122","博道精选5期",58.32,"64.46",85.81,100.69
"585","博道精选7期",23.27,"34.98",44.44,49.86
"249","博道精选A号",41.87,"54.83",67.67,72.37
"751","博复达投资",17.14,"35.32",42.57,45.93
"1017","博观1期",6.14,"21.76",31.18,33.93
"854","博鸿成长1号",12.56,"27.13",30.95,33.76
"1394","博纳1期",-13.36,"8.72",21.89,28.5
"890","博润价值成长",11.43,"21.11",19.67,14.54
"322","博颐精选",36.34,"55.58",50.15,58.22
"336","博颐精选2期",35.41,"54.15",48.86,56.69
"422","博颐精选3期",30.2,"48.8",43.9,51.7
"345","博颐稳健1期",34.87,"53.7",48.34,56.04
"119","搏股通金2号",58.6,"75.63",75.3,77.72
"1234","财富(绿宝石)",-3.65,"8.06",6.91,21.52
"69","财通财丰1号",69.96,"69.74",82.94,39.02
"1147","彩瑞3期",0.64,"12.63",17.18,24.81
"1300","彩瑞五期",-7.89,"1.3",4.37,11.76
"914","藏宝图基金1号",10.37,"17.28",12.91,24.06
"1097","常春藤稳健成长",2.9,"12.67",13.57,20.78
"1319","常阳1号",-8.72,"-2.26",0.37,6.21
"512","潮金1号",27.79,"46.8",56.69,56.66
"577","辰龙二期",23.73,"14.15",16.1,24.1
"713","成都君海",18.4,"23.2",20.1,20.3
"479","成长组合(鸿道)",27.69,"30.4",33.03,30.82
"499","呈瑞1期",26.42,"34.18",36.43,39.19
"453","呈瑞2期",28.84,"38.21",36.94,39.69
"404","呈瑞6期",31.52,"41.98",47.79,48.1
"63","诚盛1期",73.05,"78.46",77.23,79.39
"363","承泽股票二号基金",34.22,"33.25",39.95,35.06
"536","橙色量化1期",25.17,"24.4",23.98,27.35
"1215","赤子之心成长",-2.78,"-3.27",-3.09,-3.04
"1368","赤子之心价值",-13.04,"-12.07",-12.05,-12.07
"702","穿石品质生活",18.83,"31.91",32.69,37.23
"960","创海富信1号",8.62,"13.69",18.14,21.54
"711","创海富信5号",18.47,"18.3",30.19,30.44
"547","创新广发一期",24.63,"26.44",28.08,29.8
"1295","创赢1号",-7.54,"-4.15",-3.81,2.98
"1198","创赢2号",-1.97,"0.79",5.27,7.35
"1359","创赢3号",-11.82,"-9.68",-6.14,-0.91
"1269","创赢5号",-5.68,"-3.45",0.37,4.54
"1324","创赢6号",-9.09,"-7.27",-5.16,-2.39
"1257","创赢7号",-4.68,"-3.11",1.22,7.08
"472","从容5期",28.05,"34.06",37.3,47.36
"487","从容成长1期",27.19,"33.17",28.63,31.23
"470","从容成长2期",28.09,"34.04",28.84,31.93
"440","从容成长3期",29.18,"34.88",30.06,32.34
"235","从容成长8期",43.03,"48.42",49.2,52
"369","从容稳健1期",33.81,"40.08",37.7,39.3
"1303","从容稳健3期",-7.95,"-2.72",-6.55,-16.35
"530","从容医疗1期",25.53,"30.58",32.81,47.5
"410","从容医疗2期",31.31,"36.4",38.87,48.63
"552","从容医疗3期",24.36,"31.35",38.63,46.06
"349","从容医疗精选",34.74,"41.47",44.29,56.25
"324","从容优势7期",36.13,"41.87",40.53,44.45
"667","从容优势二期",20.32,"26.8",23.76,26.1
"474","从容优势三期",27.97,"34.31",30.93,34.06
"501","从容优势一期",26.41,"33.25",30.18,32.87
"671","达仁通宝2期",20.17,"29.36",27.95,31.9
"1099","大包巷1号",2.9,"12.14",21.3,20.88
"901","大成基金灵活配置",10.88,"8.82",14.71,9.66
"1420","大成灵活配置2期",-18.21,"-19.62",-15.31,-8.77
"907","大君智萌2期",10.67,"52.24",76.93,100.37
"241","大明投资玉麟1号",42.6,"56.2",72.7,79.4
"95","大朴进取1期",61.95,"87.54",94.35,93.85
"1022","淡水泉2008",5.84,"18.56",20.63,29.99
"951","淡水泉成长九期",8.86,"22.45",26.8,33.65
"968","淡水泉成长六期",8.08,"21.49",24.51,30.53
"991","淡水泉成长七期",7.07,"20.97",24.27,31.26
"1014","淡水泉成长三期",6.18,"19.71",23.51,30.01
"1082","淡水泉成长十期A",3.79,"15.76",18.28,25.85
"1083","淡水泉成长十期B",3.79,"15.76",18.28,25.85
"1084","淡水泉成长十期I",3.79,"15.76",18.28,25.85
"957","淡水泉成长四期",8.73,"23.14",26.69,34.34
"1004","淡水泉成长五期",6.51,"20.07",22.96,29.49
"1024","淡水泉成长一期",5.69,"19.13",22.53,31.71
"973","淡水泉精选1期",7.76,"20.46",24.54,34.27
"975","淡水泉专项",7.69,"20.1",23.3,32.83
"1060","淡水泉专项2期",4.5,"16.11",19.59,27.8
"802","淡水泉卓越1期",15.15,"15.29",18.01,24.79
"1236","道睿择1期",-3.75,"-1.87",9.2,7.54
"283","道谊量化增强1期",39.77,"37.67",38.87,37.45
"232","道谊稳进",43.38,"41.17",42.89,47.11
"522","得利宝至尊10号",25.63,"32.56",34.18,33.15
"1235","德邦三板启航1号",-3.67,"-3.6",-2.85,-1.09
"1134","德丰华1期",1.14,"12.91",16.68,17.32
"1008","德汇成长1期",6.35,"15.22",19.34,14.06
"896","德汇稳健一号",11.2,"19.9",26.62,18.16
"629","德骏核心1号",21.65,"21.83",23.1,22.28
"684","德源安1号",19.48,"40.39",34.53,32.77
"1075","德源安1期",4.14,"25.55",21.74,18.69
"1283","德源安战略成长3号",-6.63,"10.86",6.26,3.46
"935","鼎锋10期",9.6,"14.96",20.17,28.23
"592","鼎锋16期",22.82,"30.08",33.74,40.43
"411","鼎锋18期",31.26,"35.92",41.43,41.76
"803","鼎锋2期",15.13,"22.11",32.07,41.15
"866","鼎锋4号",12.26,"15.66",16.81,23.69
"334","鼎锋5期",35.55,"40.14",47.94,56.31
"361","鼎锋8期",34.26,"38.56",45.83,46.66
"724","鼎锋成长3期",18.1,"19.5",24.72,18.78
"861","鼎锋成长一期",12.35,"19.59",27.28,33.51
"782","鼎锋成长一期B号",16.02,"21.13",23.35,27.04
"521","鼎锋海川一期",25.63,"28.74",32.95,37.09
"1182","鼎诺目标分红1期",-1.47,"3.42",-3.82,6
"1424","鼎诺秋实1期",-19.17,"-15.58",-12.56,0.4
"627","鼎润1期",21.7,"25.42",23.8,33.08
"911","鼎萨13期",10.6,"25.81",32.13,40.55
"1128","鼎萨1期",1.4,"20.41",21.55,26.89
"1137","鼎萨3期",1,"14.95",25.93,27.98
"1468","鼎萨价值成长基金",-35.76,"-21.79",-7.6,4.41
"967","鼎萨价值精选1期",8.22,"26.48",29.92,37.38
"464","鼎萨资产1期",28.24,"36.07",39.1,42.04
"993","鼎泰岩1期",6.93,"22.25",27.56,33.69
"847","鼎泰岩2期",12.93,"26.38",39.62,71.8
"267","鼎陶朱辉2期",40.49,"41.85",36.76,17.22
"1129","东北证券融通一期",1.28,"13.07",14.94,14.61
"554","东方港湾1期",24.34,"22.38",23.03,23.28
"463","东方港湾马拉松",28.25,"27.46",28.58,27.82
"558","东方红先锋1号",24.28,"37.81",44.45,46.9
"1328","东方红先锋2号",-9.65,"6.66",14.21,15.77
"553","东方红先锋3号",24.34,"37.53",37.16,50.18
"548","东方红先锋6号",24.61,"38.07",37.11,35.7
"817","东来方元1号",14.54,"22.64",22.37,25.03
"773","东源1期",16.23,"22.64",20.82,26.53
"347","东源嘉盈3期",34.75,"43.96",43.17,51.29
"1383","东源嘉盈五期",-14.38,"-5.84",-9.39,-9.41
"816","冬泉谷对冲2号",14.61,"28.49",25.72,36.65
"390","对冲精英之睿策二期",32.57,"39.16",42.09,45.47
"424","对冲精英之睿策三期",30.14,"36.85",39.79,43.08
"1400","多策略创赢1期",-16.04,"-12.79",-13.36,-10.52
"829","恩瑞索1期",13.86,"11.38",10.98,10.59
"1170","凡德对冲1号",-0.71,"15.09",22.97,32.83
"473","泛涵正元",27.97,"29.62",29.48,29.87
"1316","方德广润",-8.4,"-5.9",2.6,31.2
"587","飞天1号",23.1,"41.28",47.37,54.92
"735","飞天4号",17.78,"35.15",41.12,51.34
"17","丰大一号",139.04,"84.68",103.3,98.7
"73","丰岭稳健成长1期",69.4,"72.9",82.16,82.26
"905","丰煜如意理财一期",10.7,"26.11",25.26,37.18
"296","沣杨锦绣",38.47,"44.42",47.6,51.89
"280","沣杨旺德福",39.87,"46.05",49.32,53.59
"742","枫景",17.53,"27.43",24.82,59.79
"799","否极泰",15.18,"38.47",31.52,49.12
"990","赋成量化3号",7.09,"22.03",26.35,25.67
"732","富锦7号(汇利)",17.85,"22.6",25.83,34.54
"720","富锦8号(尚雅)",18.13,"26.5",27.6,29.05
"1150","富民1期",0.48,"7.17",9.57,4.55
"93","富腾成长三期",62.37,"96.82",129.27,127.27
"776","高溪量化对冲1号",16.16,"11.01",27.23,21.5
"186","高信百诺1期",49.45,"54.54",61.74,64.64
"820","格雷二期",14.38,"16.45",23.19,25.02
"786","格雷一期",15.82,"17.71",24.56,26.41
"51","共盈大岩量化进取",82.03,"100.71",112.01,135.61
"1333","共盈立源新产业",-9.78,"-4.79",7.48,5.99
"1360","谷晟一期",-12.03,"11.35",12.49,15.73
"471","光大同享二号",28.07,"44.68",52.43,59.82
"446","光华上智1期",29.04,"35.91",35.15,36.53
"219","光华上智5期",44.43,"46.47",36.44,38.59
"1397","广金昂立",-15.98,"-3.34",-4.5,6.88
"1012","广金成长3期",6.2,"15.75",17.98,23.32
"1344","广金成长5期",-10.77,"-0.48",4.08,10.72
"1286","广金成长6期",-6.72,"6.63",13.73,25.95
"441","归富长乐1号",29.14,"34.6",37.07,37.04
"726","国道量化基金二号",18.06,"18.33",17.15,19.98
"305","国道量化基金一号",37.63,"37.4",38.67,43.47
"291","国泰君安君享富利",38.92,"47.06",48.41,53.87
"626","国泰君安君享弘利",21.73,"31.29",36.01,40.86
"1372","国投凯益",-13.38,"-4.85",7.33,7.66
"1080","国投瑞僖稳健收益",3.99,"21.24",25.2,32.47
"983","国信红岭量化",7.33,"8.02",8.85,9.27
"355","国轩",34.53,"47.2",48.13,54.64
"575","海洋之星1号",23.77,"36.21",33.09,47.79
"1253","海之源一号",-4.54,"-0.17",-0.95,7.62
"931","海中湾(齐鲁)3号",9.7,"20.62",25.38,38.9
"818","汉和资本1期",14.46,"27.66",24.46,40.16
"792","瀚信成长1期",15.44,"25.59",18.28,22.61
"898","瀚信成长2期",11.07,"22.76",16.02,19.88
"491","瀚信成长4期",27.06,"28.76",27.33,31.54
"314","瀚信成长5期",37.11,"35.21",26.88,31.77
"875","瀚信成长6期",12.02,"14.12",5.52,9.08
"868","瀚信价值2期",12.2,"14.24",5.71,9.22
"831","瀚信经典1期",13.83,"7.24",1.18,5.01
"952","瀚信稳健2期",8.86,"10.37",11.06,14.5
"856","瀚信一号A",12.5,"12.2",11,14.4
"1432","行知转折1期",-20.76,"-20.69",-23.88,-15.48
"54","航长常春藤",77.97,"85.58",92.17,92.76
"62","航长常春藤2号",73.58,"79.13",86.78,83.43
"1231","灏四方成长基金",-3.52,"15.89",33.48,39.79
"503","禾木1号",26.36,"37.58",79.67,76.38
"693","合德丰泰",19.16,"22.97",26.27,26.35
"1205","合美成长私募证券",-2.36,"8.87",10.74,16.75
"974","合心一期",7.75,"7.4",-3.19,-3.99
"1388","合赢",-14.67,"-5.24",-2.82,1.48
"542","和聚10期",24.91,"41.05",46.09,46.6
"302","和聚1期",37.9,"56.96",58.18,64.78
"285","和聚2期",39.53,"56.96",57.6,57.28
"260","和聚3期",40.93,"58.91",60.35,59.75
"298","和聚4期",38.2,"55.77",56.76,56.54
"262","和聚5期",40.74,"58.5",59.3,59.03
"371","和聚7期",33.59,"51.18",52.51,51.35
"393","和聚8期",32.43,"49.52",50.67,50.2
"418","和聚9期",30.51,"44.5",49.6,50.67
"20","和聚鼎宝1期",122.62,"123.41",120.55,120.36
"9","和聚鼎宝2期",167.22,"169.26",165.86,165.88
"273","和聚华享对冲1期",40.1,"57.49",62.81,63.49
"64","和聚兴享1期",71.84,"79.83",78.7,77.53
"714","和禄1号",18.36,"17.96",16.23,17.24
"1462","和顺一期",-31.73,"-18.16",-12.63,-14.28
"65","黑森九号",71.53,"73.53",75.28,80.94
"801","黑天鹅-守护神",15.17,"7.34",-0.49,1.75
"1113","恒德1期",2.2,"3.91",4.71,6.71
"1107","恒德中略1期",2.64,"5.2",6.65,8.82
"1151","恒德中略2号",0.45,"2.93",4.5,6.1
"538","恒复利贞",25.04,"48.61",53.92,55.51
"366","恒添新青年一号",33.87,"31.7",34.02,36.76
"1467","恒信盈创成长二期",-34.96,"-30.83",-27.82,-31.2
"226","弘尚投资",43.77,"61.1",63.47,68.96
"85","红土创新红石5号",64.9,"70",73.8,78.9
"529","泓璞2号",25.54,"26.67",28.07,45.98
"448","鸿道1期",29.01,"32.3",33.61,30.84
"515","鸿道2期",25.96,"27.72",30.5,26.71
"697","鸿道3期",19.11,"23.43",24.29,22.84
"763","鸿道4期",16.64,"18.96",20.03,16.87
"462","鸿道精英1号",28.48,"31.72",32.98,30.16
"152","鸿逸1号",54.34,"85.68",71.99,71.18
"888","鸿逸安泰二号基金",11.47,"23.21",22.86,20.21
"49","鸿逸安泰一号",82.77,"91.69",101.18,71.57
"1065","鸿逸楚天一号",4.4,"24.44",19.77,20.66
"912","鸿逸泰瑞一号",10.58,"34.75",25.7,27.21
"414","厚道量化对冲1号",31,"35.12",35.22,36.87
"81","华邦增长1号",66.14,"43.67",80.29,77.96
"257","华尔进取1号",41.29,"47.43",53.84,59.82
"1190","华福兴发精选",-1.84,"-0.02",-0.62,-0.41
"107","华骏海石1号",59.97,"66.39",62.83,63
"494","华西神农复兴",26.81,"23.67",25.13,28.05
"1367","华夏财富阿尔法1号",-12.75,"-11.43",-8.5,-11.7
"941","华鑫鑫财富智享3号",9.4,"18.43",22.76,32.58
"673","黄金优选10期3号",20.12,"19.94",12.44,11.8
"636","黄金优选12期1号",21.54,"31.08",36.86,41.66
"613","黄金优选12期2号",22.18,"31.52",37.19,41.92
"640","黄金优选12期3号",21.42,"30.91",36.65,41.44
"612","黄金优选12期4号",22.34,"31.78",37.49,42.25
"645","黄金优选12期5号",21.14,"28.96",33.7,37.72
"788","黄金优选12期6号",15.77,"24.61",29.95,34.41
"647","黄金优选12期7号",21.12,"30.59",36.33,41.09
"700","黄金优选12期8号",18.86,"28.13",33.68,38.3
"569","黄金优选12期9号",23.92,"33.52",39.33,44.17
"928","黄金优选15期1号",9.79,"15.01",20.08,27.88
"1193","黄金优选17期1号",-1.91,"7.58",6.69,9.43
"1194","黄金优选17期2号",-1.91,"7.58",6.69,9.43
"1195","黄金优选17期3号",-1.91,"7.58",6.69,9.43
"379","黄金优选17期5号",33.03,"45.79",44.57,48.37
"380","黄金优选17期6号",33.03,"45.79",44.57,48.37
"1057","黄金优选1期10号",4.55,"16.71",19.64,27.63
"1044","黄金优选1期11号",4.71,"16.82",19.75,27.71
"1089","黄金优选1期12号",3.3,"15.36",18.29,26.24
"1058","黄金优选1期15号",4.52,"16.62",19.56,27.5
"1049","黄金优选1期16号",4.65,"16.81",19.74,27.68
"1043","黄金优选1期17号",4.72,"16.68",19.57,27.44
"1053","黄金优选1期18号",4.6,"16.74",19.68,27.65
"1066","黄金优选1期1号",4.4,"16.53",19.46,27.43
"1062","黄金优选1期2号",4.47,"16.63",19.57,27.56
"1054","黄金优选1期3号",4.59,"16.76",19.7,27.7
"1069","黄金优选1期4号",4.27,"16.39",19.32,27.25
"1061","黄金优选1期5号",4.48,"16.6",19.52,27.47
"1067","黄金优选1期6号",4.38,"16.52",19.45,27.42
"1095","黄金优选1期7号",3.02,"14.77",17.24,24.68
"1048","黄金优选1期8号",4.66,"16.75",19.68,27.64
"1050","黄金优选1期9号",4.62,"16.7",19.63,27.58
"1259","黄金优选20期1号",-4.83,"4.64",5.66,6.45
"195","黄金优选21期1号",48.35,"53.04",79.08,80.82
"701","黄金优选4期11号",18.84,"26.59",27.24,39.35
"707","黄金优选4期12号",18.55,"26.33",27,39.15
"338","黄金优选4期1号",35.27,"42.96",43.94,57.67
"327","黄金优选4期2号",35.96,"42.08",42.86,53.94
"337","黄金优选4期3号",35.28,"42.85",43.85,57.28
"761","黄金优选4期6号",16.69,"23.33",23.89,34.3
"1221","黄金优选5期11号",-3.01,"-10.93",-1.18,-5.35
"1214","黄金优选5期12号",-2.78,"-10.34",-1.04,-3.91
"1104","黄金优选5期15号",2.73,"-4.47",4.4,0.63
"1155","黄金优选5期16号",0.35,"-6.64",1.96,-1.7
"1120","黄金优选5期17号",1.8,"-5.75",3.53,-0.41
"1185","黄金优选5期18号",-1.67,"-9.76",0.2,-4.06
"1224","黄金优选5期1号",-3.18,"-11.5",-1.26,-5.65
"1039","黄金优选5期3号",5,"-1.3",6.46,3.19
"1315","黄金优选5期4号",-8.39,"-15.4",-6.79,-10.46
"1222","黄金优选5期5号",-3.08,"-10.91",-1.27,-5.39
"1204","黄金优选5期6号",-2.34,"-10.1",-0.55,-4.64
"1219","黄金优选5期7号",-2.87,"-10.9",-1.01,-5.06
"1232","黄金优选5期8号",-3.53,"-11.64",-1.65,-5.64
"1197","黄金优选5期9号",-1.95,"-9.93",-0.11,-4.31
"915","黄金优选7期1号",10.33,"15.67",20.68,26.98
"971","黄金优选7期2号",7.81,"13.26",18.37,24.8
"1035","黄金优选7期3号",5.14,"10.52",15.5,21.75
"1233","黄金优选7期4号",-3.62,"1.18",5.63,11.24
"950","黄金优选7期8号",8.94,"14.53",19.69,26.2
"1371","黄金优选9期1号",-13.35,"-6.37",-6.51,-2.19
"1376","黄金优选9期2号",-13.76,"-6.84",-6.99,-2.73
"121","黄金优选二期八号",58.33,"29.88",43.28,62.46
"123","黄金优选二期二号",58.22,"30.3",43.26,61.82
"118","黄金优选二期九号",58.79,"30.21",43.68,62.83
"114","黄金优选二期六号",59.22,"30.61",44.04,63.27
"120","黄金优选二期七号",58.57,"30.12",43.52,62.69
"116","黄金优选二期三号",59.18,"31.39",44.5,63.27
"109","黄金优选二期十号",59.71,"34.92",45.91,61.73
"286","黄金优选二期十一号",39.42,"19.98",29.13,42.31
"130","黄金优选二期四号",57.31,"29.85",42.79,61.21
"115","黄金优选二期五号",59.2,"30.5",44.02,63.3
"112","黄金优选二期一号",59.62,"31.3",44.62,63.7
"352","汇创稳健一号",34.59,"40.51",46.13,45.73
"1140","汇利3期",0.87,"15.43",20.54,31.3
"910","汇利5期",10.6,"18.21",23.28,33.1
"899","汇利优选",11.07,"17.05",20.68,30.67
"902","汇利优选10期",10.78,"17.83",24.84,32.56
"850","汇利优选2期",12.73,"19.95",25.17,34.57
"624","汇利优选9期",21.8,"30.86",38.48,46.32
"893","汇鑫01号",11.26,"14.27",15.66,21.32
"416","汇信-泓德3号",30.68,"30.11",18.32,26.4
"614","汇信-泓德4号",22.13,"21.55",16.79,24.66
"679","汇信-泓德5号",19.64,"18.99",14.3,22.23
"734","汇信-泓德6号",17.79,"17.27",12.46,20.1
"551","汇信-泓德7号",24.47,"23.79",19.13,27.1
"559","汇信-金百合1号",24.24,"44.09",52.37,69.64
"1005","汇信-金百合2号",6.45,"10.61",13.02,26.04
"1340","汇信-景恒先锋",-10.54,"-6.48",3.72,2.28
"412","汇信-景林1号",31.26,"36.9",35.06,37.44
"830","汇信-理臻1号",13.86,"18.96",26.67,24.8
"382","汇信-普尔2号",32.86,"42.81",55.71,75.92
"256","汇信-普尔3号",41.35,"43.85",56.86,77.36
"607","汇信-世诚1号",22.43,"22.81",22.69,24.54
"436","汇信-鑫富越2号",29.46,"28.91",26.98,33.87
"192","汇信-信诚1号",48.82,"59.15",53.57,62.42
"541","汇信-中欧瑞博1号",24.91,"31.92",37.66,40.95
"516","汇信-中欧瑞博2号",25.84,"31.91",25.48,29.49
"398","汇信得3期",32.06,"39.8",42.55,44.16
"709","汇盈29号",18.52,"54.44",75.07,58.9
"301","汇盈9号",37.94,"71.56",76.61,66.2
"50","汇盈一期",82.1,"79.54",100.99,102.88
"1332","惠理价值一期",-9.73,"-2.59",1.26,3.37
"747","慧安10期",17.3,"17.23",15.13,14.86
"926","慧安12号",9.98,"9.58",6.98,6.29
"809","慧安1号",14.93,"14.93",12.65,12.56
"1078","慧安6号",4.02,"3.99",1.96,2.07
"804","混沌价值增长",15.12,"39.7",47.39,53.17
"359","或然赋利1期",34.32,"34.39",34.44,35.15
"608","积极进取1号",22.42,"28.73",22.57,20.6
"549","积胜1期",24.53,"34.45",37.51,36.68
"1357","嘉禾1号",-11.7,"-9.22",-8.24,-0.97
"1489","嘉宏1号",-53.67,"-43.11",-34.14,-33.81
"268","嘉谟1号",40.36,"38.45",42.71,80.53
"1143","嘉泰量化对冲1期",0.82,"19.2",26.71,32
"175","建信积极成长1期",50.68,"57.97",56.97,59.55
"430","金百F1期",29.93,"41.87",41.83,41.44
"652","金百F5期",20.9,"31.01",31.34,31.39
"1469","金贝壳1号",-35.77,"-22.84",-11.73,-14.04
"1038","金诚富利1期",5.04,"6.02",7.2,9.87
"1223","金海10号",-3.13,"7.36",9.15,10
"1308","金海1号",-8.33,"-7.19",-4.04,-6.88
"870","金海2号",12.16,"13.24",14.7,24.23
"948","金海3号",9.18,"10.63",10.36,12.21
"1291","金海4号",-7.38,"-26.28",-26.28,-25.91
"1092","金海5号",3.16,"15.87",15.88,22.74
"1208","金海6号",-2.68,"-3.88",-7.47,-3.72
"758","金海7号",16.82,"16.97",14.43,19.96
"824","金海8号",14.29,"14.25",12.26,14.22
"1268","金海9号",-5.58,"3.86",4.16,10.49
"242","金浪一号",42.36,"40.04",76.48,31.39
"103","金牡丹道谊稳健",60.36,"57.92",59.63,63.58
"1387","金融战士1号",-14.66,"-8.41",-2.44,9.33
"900","金狮141号",10.96,"11.68",18.83,23.66
"1227","金狮142号",-3.33,"5.99",3.46,7.29
"869","金狮151号",12.18,"31.11",53.37,51.75
"1131","金狮152号",1.2,"15.84",19.52,27.05
"909","金狮153号",10.63,"12.75",18.35,24.86
"867","金狮154号",12.22,"12.38",12.51,12.64
"919","金狮155号",10.18,"10.12",-0.94,5.92
"1486","金狮156号",-49.18,"-44.17",-40.99,-37.73
"88","金狮157号",64.13,"55.6",52.45,60.16
"1220","金狮160号",-2.98,"11.55",17.74,22.77
"1159","金石1号",0.17,"4.2",-0.31,-3.19
"1305","金石2期",-8.19,"8.27",32.41,40.51
"459","金石3期",28.69,"54.12",75.35,84.38
"790","金苏投资远望2号",15.58,"16.69",16.8,22.52
"852","金泰瑞丰(乾清)",12.63,"12.7",20.5,28.55
"1453","金滩恒盈",-27.78,"-27.19",-28.38,-28.72
"1041","金瀛2期",4.81,"16.36",21.59,29.92
"275","金元证券游马地1号",40.08,"50.87",56.49,61.45
"329","金蕴12期",35.92,"67.89",77.31,62.83
"1239","金蕴16期",-3.85,"4.98",9.68,11.45
"1405","金蕴30期",-16.38,"-8.32",-0.79,13.41
"685","金蕴55期(季胜)",19.43,"24.7",37.29,32.91
"827","金蕴70期(鼎萨)",13.98,"23.44",31.11,39.22
"843","金中和6期",13.11,"20.47",27.7,28.66
"838","金中和东升",13.58,"14.39",15.74,17.2
"1135","金中和灵猫1号",1.13,"7.03",12.34,13.26
"1028","金中和西鼎",5.53,"48.6",49.14,50.7
"78","京福1号",66.49,"91.42",101.58,102.88
"136","京福2号",56.66,"81.22",86.71,88.38
"644","菁英时代成长3号",21.3,"56.24",77.86,101.66
"1401","精选二期A",-16.07,"-9.79",-5.85,6.86
"77","精英之从容A",66.5,"76.03",70.69,78.88
"1047","精英之淡水泉A",4.66,"16.93",19.91,27.99
"978","精英之星石A",7.49,"18.48",26,29.83
"1483","精忠报国1号",-48.49,"-42.61",-43.62,-42.12
"33","景富趋势成长一期",99.12,"115.89",121.57,136.99
"719","景林丰收",18.14,"30.59",28.92,32.26
"855","景林稳健",12.52,"20.32",18.87,24.04
"692","景泰复利回报1期",19.2,"21.09",18.18,19.8
"660","景泰复利回报二期",20.62,"22.51",19.63,20.82
"590","景泰复利回报五期",22.9,"24.78",21.97,22.36
"717","景泰复利回报一期",18.33,"20.24",17.39,23.3
"1059","Z恒一期",4.51,"11.28",9.77,14.29
"83","久富1期",65.54,"63.07",69.92,79.14
"75","久富2期",67.24,"64.8",73.49,80.43
"124","久富3期",58.18,"53.53",59.32,66.6
"198","久富4期",48,"50.1",56.9,63.9
"1423","久久益",-18.97,"-17.63",-17.62,-16.21
"1110","久铭一期",2.45,"5.58",5.39,5.75
"1276","久阳5期",-6.15,"4.89",17.96,16.52
"892","玖逸一期",11.36,"23.6",25.63,25.02
"1273","巨鹿1期",-5.93,"-10.53",-9.08,-11.84
"35","巨杉净值线1号",97.12,"93.2",103.09,105.89
"128","巨杉净值线2号",57.61,"66.33",74.3,77.19
"67","巨杉净值线3号",70.43,"79.3",88,91.3
"108","巨杉净值线4号",59.92,"68.26",76.39,80.37
"162","巨杉净值线6号",52.95,"60.66",67.27,70.66
"80","巨杉净值线7号",66.43,"78.23",88.71,92.84
"401","巨杉净值线8号",31.61,"41.81",47.96,50.64
"1409","钜派1期",-17.32,"-8.1",-8.25,-5.42
"70","钜融金鳞1号",69.61,"104.56",93.87,101.46
"1001","聚金1号",6.62,"10.42",10.31,23.89
"1119","聚益1号",1.85,"12.09",21.8,30.11
"317","聚益2号",36.8,"48",49,59.1
"415","聚益3号",30.82,"34.97",35.04,45.79
"528","聚益5号",25.54,"50.93",51.52,43.42
"1460","君丰1期",-29.61,"-11.58",3.34,11.1
"326","君盈成长",35.98,"62.26",68.49,89
"1021","君泽利2号",5.87,"10.6",-7.03,-16.49
"546","峻谷一号稳健成长",24.65,"44.05",50.92,55.67
"980","浚昶1期",7.46,"5.52",10.36,16.81
"923","B容二期",10.03,"9.4",7.91,15.32
"616","B容一期",22.02,"21.83",20.47,29.2
"1003","开宝1期",6.52,"8.77",11.51,13.23
"1037","开宝2期",5.05,"18.79",25.07,29.89
"1088","凯石三期A",3.32,"10.54",12.38,13.91
"1206","凯顺2014",-2.58,"3.7",4.39,8.91
"1421","凯信1号",-18.39,"-3.62",5.89,10.49
"903","康曼德001号",10.75,"21.94",19.16,22.22
"1293","苦行僧一号",-7.5,"-5.6",16.1,23.9
"750","宽远价值成长",17.18,"21.83",20.96,31.4
"247","框特灵活配置优选",41.9,"44.05",54.11,56.42
"927","昆仑鼎信价值增长",9.81,"15",7.92,7.57
"769","昆仑时代1号",16.35,"36.5",39.02,45.26
"806","蓝之舰2期(远见)",15.06,"4.76",14.55,12.81
"94","乐晟精选",62.2,"75.34",85.56,87.1
"173","理成风景2号",50.81,"74.43",90.85,120.28
"639","理成风景3号",21.45,"33.85",43.07,46.74
"618","理成风景7号",21.87,"20.18",20.91,24.97
"166","理成专户4号",52.64,"78.67",81.86,89.41
"467","理成转子2号",28.14,"56.44",66.69,73.69
"377","理成转子3号",33.18,"60.17",74.42,95.11
"1168","理成转子4号",-0.65,"7.17",12.5,14.88
"1046","理成转子5号",4.7,"14.8",21.99,22.29
"881","理成转子7号",11.84,"13.98",16.3,18.41
"58","力量一号",76.34,"100.82",106.75,109.18
"1118","立华价值3期",1.92,"12.86",14.06,22.12
"669","励石一号",20.24,"26.99",31.16,48.29
"985","励远1期",7.21,"7.51",6.42,8.36
"511","联合成长1号",26.05,"33.67",34.91,38.51
"777","联合成长2号",16.15,"20.46",21.48,24.96
"1472","联讯价值1号",-36.96,"-32.62",-30.81,-32.16
"969","量华1号",8.03,"9.76",15.86,13.49
"508","量化2号",26.14,"25.97",25.55,25.71
"630","量化3号",21.64,"21.54",21.47,21.55
"922","林园",10.15,"16.46",24.39,28.15
"1031","林园2期",5.33,"14.3",22.13,24.38
"1036","林园3期",5.13,"14.71",22.64,27.43
"871","领新安盈5号",12.15,"22.64",20.12,25.17
"583","六禾财富东莞",23.39,"29.8",30.52,28.38
"677","六禾财富竹溪",19.8,"24.37",26.4,33.38
"736","六禾光辉岁月1期",17.77,"25.82",27.63,35.36
"1476","龙票1期",-38.17,"-34.78",-34.97,-31.14
"384","龙腾3期",32.82,"49.74",78.06,76.41
"574","龙腾5期",23.84,"39.72",67.75,67.78
"738","龙腾9期",17.74,"24.69",41.83,35.78
"757","陆宝点金精选",16.85,"17",16.78,15.44
"770","论德1期",16.31,"18.3",14.3,15.72
"419","论德2期",30.43,"33.27",31.94,35
"789","麦星",15.62,"26.74",30.98,35.92
"1298","懋峰二号",-7.81,"-7.3",-11.81,-7.37
"1290","懋峰进取一号",-7.25,"-6.99",-12.03,-7.7
"1297","懋峰三号",-7.71,"-7.38",-12,-7.78
"1339","懋峰一号",-10.51,"-10.22",-14.94,-11.84
"1262","美红1号",-4.93,"-4.87",17.97,15.57
"1203","美联融通1期",-2.3,"20.32",37.85,24.89
"1073","民森A号",4.19,"14.5",20.77,17.07
"1011","民森B号",6.2,"16.38",22.51,19.89
"894","民森E号",11.25,"21.77",21.75,25.14
"937","民森F号",9.57,"19.74",18.82,17.69
"819","民森G号",14.38,"24",22.86,25.06
"1299","民森H号",-7.86,"-5.41",-5.89,-3.26
"1109","民森K号",2.51,"9.42",9.2,12.67
"178","名禹稳健增长",50.32,"60.25",64.5,65.85
"815","明达",14.63,"28.86",33.07,42.98
"642","明达2期",21.34,"23.25",39.06,36.35
"1027","明达3期",5.55,"13.45",22.06,25.29
"1010","明达4期",6.26,"16.31",20.91,28.29
"653","明达6期",20.79,"33.61",38.92,50.8
"955","明达7期",8.81,"18.8",23.24,32.58
"1169","明达精选A号",-0.69,"6.51",14.34,17.28
"144","明河成长",55.89,"61.83",62.92,70.42
"148","明河价值一期",54.7,"59.6",59.66,65.07
"1025","明华新兴成长",5.59,"11.21",16.18,24.69
"1403","明曜1期",-16.28,"-9.79",-7.94,-5.97
"1343","明曜精选1期",-10.74,"-1.75",0.8,2.61
"1263","明曜启明1期",-4.94,"4.66",5.69,6.49
"1256","明曜启明2期",-4.68,"5.57",9.42,11.81
"308","铭渡优势成长1号",37.51,"43.13",36.54,65.08
"234","铭深1号",43.13,"54.01",59.29,68.28
"1455","铭远丝绸之路",-28.38,"-23.67",-25.64,-24.3
"943","摩通成长1号",9.29,"19.41",8.94,7.2
"409","磐信1期",31.34,"35.67",37.96,41.44
"340","培蓝壹号",35.16,"30.19",30.11,30.13
"1002","鹏诚二期",6.55,"7.88",11.72,11.45
"1033","品正理翔2期",5.16,"19.95",25.77,27.21
"1331","平安价值投资一期",-9.73,"-2.59",-4.05,3.37
"796","平安金牛一期",15.21,"23.98",28.51,32.27
"665","平安徐星1号",20.43,"23.44",24.66,31.3
"834","平安证大一期",13.77,"15.76",15.27,23.94
"1167","平石对冲V1",-0.55,"1.49",2.59,3.14
"1199","平石尊悦",-2.04,"0.31",0.29,2.38
"99","朴道02期",61.36,"92.95",105.23,112.56
"444","朴石1期",29.11,"35.74",38.2,41.25
"746","朴石2期",17.36,"23.89",24.62,27.81
"744","朴石3期",17.43,"24.52",26.15,28.58
"798","朴石5期",15.21,"21.53",22.47,25.24
"1212","朴石6期",-2.75,"2.54",4,7.26
"332","朴石7期",35.76,"43.83",46.01,49.68
"342","浦江之星130号",35.1,"46.67",54.39,48.55
"564","七彩祥云-传奇",24.06,"30.51",31.25,40.24
"101","齐熙社会回报",60.97,"75.16",82.82,87.68
"576","骐邦涌利稳健成长",23.76,"37.56",55.13,56.95
"243","谦石1号",42.04,"44.62",51.38,58.44
"102","谦石1期",60.9,"64.69",67.49,75.77
"265","谦石2号",40.65,"43.55",50.02,51.73
"532","前海一线对冲",25.47,"31.69",33.04,38.07
"1121","钱爸爸智牛一期",1.75,"4.29",4.55,7.38
"916","乾信中国影响力",10.27,"14.11",16.92,21.03
"1179","乾阳投资1期",-1.35,"3.5",8.36,19.96
"163","勤远1号",52.78,"53.5",51.35,52.62
"91","青骓西格玛套利一期",62.67,"62.35",62.51,62.76
"37","清水源1号",94.59,"105.14",106.71,109.91
"1077","清水源4号",4.11,"11.39",12.67,15.24
"1055","清水源成长",4.58,"11.14",11.64,13.53
"1425","清水源优势",-19.33,"-13.58",-11.24,-10.48
"1304","秋阳1期",-7.97,"6.96",23.67,69.11
"1157","秋阳3期",0.23,"16.17",35.47,76.49
"205","荣世安达睿选1号",46.89,"63.72",72.69,81
"634","榕树文明复兴",21.58,"19.15",16.38,16.93
"475","榕树文明复兴二期",27.9,"18.8",18,20.8
"442","融昌3期",29.13,"44.44",40.54,46.16
"1105","融昌蓝宝石基金",2.7,"11.22",10.63,11.05
"1327","融汇8号",-9.55,"9.42",8.15,40.13
"468","融惠优选2期-1",28.12,"31.69",32.44,24.86
"42","融惠优选2期-2",88.65,"82.41",85.18,47.96
"55","融惠优选2期-3",77.58,"81.99",91.68,68.53
"525","融惠优选2期-4",25.59,"29.19",19.78,1.48
"637","融兴进取2号",21.51,"40.57",49.88,59.32
"194","融裕22号",48.74,"39.54",42.48,50.41
"1132","融裕9号奕金安3期",1.19,"10.27",10.44,28.03
"545","融裕瀚信成长10期",24.66,"25.79",24.7,28.74
"882","锐集一号",11.84,"12.01",12.75,13.28
"932","锐进12期鼎萨",9.66,"15.59",20.64,30.45
"394","锐进2期",32.39,"36.7",47.35,51.61
"989","锐进6期",7.15,"6.55",8.52,20.01
"939","瑞森林",9.55,"22.25",30.71,31.1
"544","瑞天3期",24.87,"49.54",61.86,61.67
"1136","瑞天5期",1.02,"19.78",29.01,29.79
"207","瑞天价值成长",46.54,"64.84",80.93,77.72
"812","瑞象丰年",14.72,"31.85",42.26,39.87
"478","睿策1期",27.7,"34.69",37.93,43.1
"517","睿策2期",25.82,"32.88",35.96,40.8
"465","睿策3期",28.22,"36.12",39.09,43.3
"483","睿策量化1期",27.42,"33.35",37.22,43.33
"438","睿策诺亚对冲",29.22,"36.99",40.53,46.4
"632","睿金1号",21.59,"18.82",19.12,19.15
"633","睿金2号",21.58,"18.81",19.11,19.14
"323","睿W量化对冲1期",36.34,"37.78",39.03,40.56
"486","睿添富2号",27.3,"39.78",44.62,56.97
"543","睿添富3号",24.89,"41.34",46.34,60.43
"60","睿翔1号第一期",74.98,"96.25",120.78,122.49
"859","睿信",12.41,"17.87",24.63,23.73
"1102","睿信1期",2.8,"10.95",11.63,16.63
"813","睿信2期",14.7,"24.99",30.38,30.49
"942","睿信3期",9.39,"19.02",24.19,23.95
"865","睿信4期",12.29,"26.75",33.91,36.45
"822","睿信5期",14.32,"16.74",28.67,30.62
"1093","睿信成长1期",3.06,"9.66",12.09,15.93
"849","睿星财富1号",12.8,"25.55",13.24,0.83
"523","睿源1号",25.6,"23.71",27.26,27.51
"353","睿远和聚招享",34.55,"40.21",44.47,46.72
"765","睿远鸿道5期",16.53,"19.59",21.85,20.14
"703","睿远汇利精选",18.74,"19.07",38.16,46.06
"884","睿远景林1期",11.79,"19.86",14.88,17.69
"228","睿远理成专户1号",43.73,"64.31",73.81,83.41
"1230","睿远六禾1期",-3.43,"-0.14",0.1,6.42
"1334","睿远民森1期",-10.22,"-0.73",-0.83,1.58
"1103","睿远重阳",2.77,"7.21",12.98,21.23
"661","睿智共赢",20.54,"18.97",13.26,9.16
"995","润桂投资国润一期",6.89,"13.29",7.19,7.38
"920","润晖稳健增值",10.18,"18.38",16.7,23.44
"82","森瑞独立景气",65.81,"80.38",83.44,64.16
"828","森瑞医疗服务",13.9,"37.89",32.8,33.18
"913","上善目标缓冲",10.38,"16.46",24.86,23.42
"504","上善若水3期",26.34,"31.72",30.86,34.24
"493","上善若水6期",26.87,"33.49",32.89,37.45
"581","上善御富2期",23.6,"44.62",41.19,47.09
"372","尚诚",33.52,"65.29",86.67,94.84
"488","尚道乾坤合伙基金",27.18,"43.22",40.85,48.82
"1023","尚雅11期",5.82,"1.32",12.1,7.35
"886","尚雅12期",11.67,"15.95",17.32,18.84
"1174","尚雅13期",-0.78,"3.86",4.66,6.66
"659","尚雅14期",20.62,"15.78",26.04,18.01
"1245","尚雅16期",-4.1,"-0.43",11.88,9.52
"780","尚雅1期",16.04,"11.06",20.5,12.96
"635","尚雅2期",21.55,"16.93",24.41,17
"578","尚雅3期",23.7,"18.99",29.37,21.68
"694","尚雅4期",19.15,"14.34",24.35,16.65
"495","尚雅5期",26.8,"20.8",30.7,22.75
"457","尚雅6期",28.78,"30.52",56.27,54.67
"872","尚雅7期",12.06,"13.33",35.33,33.53
"878","尚雅8期",11.95,"13.61",36.45,34.33
"1187","尚雅9期",-1.77,"-8.56",-7.85,-6.74
"437","神农1期",29.28,"26.44",28.83,31.72
"1141","神农飞虎",0.86,"-4.36",2.87,3.17
"1320","神农五福",-8.8,"-3.44",12.13,16.32
"38","神州牧1号",94.43,"94.59",94.38,95.37
"1261","沈阳天马时代二期",-4.88,"1.65",-1.93,-10.03
"316","升阳2期",36.87,"52.11",63.68,65.19
"814","盛世源",14.7,"15.46",15.36,19.75
"1433","盛世云鼎1期",-20.98,"-20.78",-19.98,40.76
"550","时田丰一期",24.48,"24.56",23.39,22.91
"1180","实力旗舰",-1.37,"38.09",36.84,45.52
"1228","实力稳进",-3.4,"24.74",23.21,36.03
"215","世诚投资六号",45.54,"60.57",62.15,64.28
"158","世诚扬子3号",53.52,"66.77",69.92,73.85
"105","世诚扬子二号",60.23,"71.81",76.11,77.54
"999","世富壹玖创新",6.83,"13.91",10.62,25.11
"251","世富壹玖飞跃",41.65,"50",44.84,25.01
"848","世通5期",12.81,"14.21",50.58,65.41
"1152","世通嫦娥奔月",0.38,"-0.31",50.76,57.71
"156","世域1期",54,"62.17",64.64,58.24
"127","世域2期",57.68,"61.24",58.36,66.45
"174","双盈二号",50.75,"95.44",88.65,91.93
"490","四相1期",27.1,"34.63",39.96,45.38
"1292","穗富11号",-7.42,"3.36",25.63,59.41
"610","穗富1号",22.36,"41.62",90.51,155.68
"1114","穗富2号",2.18,"18.34",60.2,64.52
"1243","穗富3号",-4.07,"23.81",67.1,48.76
"396","穗富5号",32.14,"43.04",77.35,52.19
"1130","穗富6号",1.25,"14.65",41.54,52.58
"1445","穗富8号",-25.57,"-16.71",16.16,15.89
"1112","穗富温商1号",2.2,"22.64",94.18,72.28
"1281","塔晶老虎1期",-6.59,"-7.78",4.51,-9.82
"1475","塔晶狮王",-37.77,"-27.41",-22.71,-16.65
"1463","塔晶狮王二号",-32.6,"-22.68",-18.28,-13.42
"1422","太平洋红珊瑚2号",-18.65,"-10.51",-1.12,-4.49
"22","太平洋红珊瑚3号",121.14,"121.39",121.69,120.75
"348","太平洋红珊瑚8号",34.74,"70.77",59.97,73.01
"1184","太平洋红珊瑚大消费",-1.63,"7.53",22.96,19.18
"341","太阳帆投资基金",35.11,"42.04",50.76,65.37
"1016","泰达鼎晟1期",6.17,"17.83",18.22,13.04
"623","泰瓴-泰九1期",21.8,"32.1",38.12,43.9
"383","泰瓴-泰九2期",32.84,"46.57",50.23,56.53
"655","泰瓴3期",20.74,"33.27",38.56,44.66
"1312","泰石1期",-8.38,"33.74",45.41,49.72
"476","天弓2号",27.84,"38.98",47.56,50.08
"426","天弓3号",30.08,"31.87",39.74,41.05
"502","天马量化1期",26.36,"33.75",33.18,34.8
"1287","天马一期",-6.77,"10.19",23.74,12.62
"169","天勤1号",51.61,"48",62.63,69.83
"628","天勤2号",21.68,"-6.61",-1.26,-1.08
"688","天晟源1期",19.39,"25.84",29.14,32.01
"1181","天乙1期",-1.45,"5.63",13.9,15.09
"924","天倚道樟鄂1号",10,"11.9",21.4,16.8
"863","挺浩一期",12.29,"32.72",44.21,56.08
"1408","通用汇锦1号",-17.28,"-15.94",-15.94,-13.84
"1414","通用汇锦2号",-17.67,"-16.28",-18.91,-17.05
"489","同瑞汇金1期",27.16,"29.31",31.27,31.32
"1402","同威1期",-16.13,"-13.16",-7.86,-9.65
"1336","同威2期",-10.31,"-7.3",-2.09,-3.53
"1366","同威3期",-12.65,"-8.41",-8.58,-7.45
"1144","同威一期",0.8,"5.38",2.09,-0.53
"1352","同威增值3期",-11.31,"-8.13",-7.96,-7.56
"1252","彤源2号",-4.51,"2.39",13.46,15.37
"1186","彤源3号",-1.72,"7.39",13.1,21.88
"1183","彤源5号",-1.6,"9.6",20.98,25.84
"1106","彤源6号",2.68,"6.5",19.56,29.06
"1172","彤源7号",-0.77,"16.92",34.62,44.62
"202","铜爵之强国重器2号",47.52,"54.32",58.19,90.55
"456","潼骁成长精选",28.79,"22.34",24.45,32.71
"929","投资精英之汇利A",9.73,"15.4",20.64,27.25
"775","投资精英之景林A",16.18,"24.21",21.61,19.08
"1229","投资精英之尚雅A",-3.42,"-12.14",-1.42,-6.02
"1165","投资精英之信璞A",-0.43,"3.67",6.33,17.08
"365","投资精英之翼虎A",33.92,"33.95",39.25,48.26
"1216","投资精英之云程泰A",-2.81,"29.04",43.35,42.41
"580","投资精英之展博A",23.67,"33.64",39.67,44.69
"1365","投资精英之长青藤A",-12.64,"-5.54",-5.68,-1.26
"1094","投资精英之智德A",3.03,"2.74",3.46,4.59
"672","投资精英之重阳A",20.17,"19.98",12.01,11.31
"320","投资精英之朱雀A",36.6,"44.52",45.56,59.84
"1249","图原精选1期",-4.24,"11.46",16.46,23.93
"1393","万丰友方贯升2号",-15.58,"-15.35",-15.77,-15.8
"885","万利富达",11.78,"16.65",21.2,23.41
"1465","万永2期",-34.35,"-34.49",-42.36,-51.57
"1158","炜博领航",0.22,"1.19",3.14,4.11
"1091","炜博兴航",3.28,"4.55",5.08,5.05
"1156","稳健流动性管理",0.3,"0.64",0.5,0.33
"19","稳健增长",125.3,"147.97",177.69,195.17
"965","稳增4期",8.46,"8.38",8.31,8.45
"237","沃佳1期证券",42.9,"51.9",50.7,54.4
"1013","沃胜1期",6.18,"8.76",16.21,16.43
"721","沃胜5期",18.12,"18.96",20.91,23.01
"832","沃胜二期",13.82,"16.14",21.31,24.29
"879","沃胜三期",11.92,"13.87",18.83,21.69
"1317","吾股丰登1号",-8.43,"11.52",9.82,25.98
"1277","武当10期",-6.25,"1.27",7.42,8.73
"1272","武当11期",-5.96,"1.06",9.28,11.58
"1225","武当12期",-3.32,"3.47",12.48,14.46
"1200","武当13期",-2.07,"4.57",12.62,14.08
"1271","武当14期",-5.86,"1.18",9.28,10.91
"1178","武当1期",-1.22,"6.86",10.59,13.07
"1279","武当3期",-6.38,"1.62",8.44,9.85
"1211","武当4期",-2.74,"4.59",10.96,12.38
"1242","武当5期",-4.06,"3.07",11.18,12.55
"1237","武当6期",-3.79,"3.63",9.92,11.7
"1096","武当7号",2.94,"10.14",18.94,20.79
"1142","武当8号",0.83,"7.87",16.33,18.1
"1314","武当9号",-8.39,"-0.95",7.08,8.67
"895","武当稳健增长",11.03,"15.75",24.28,25.85
"658","悟空对冲量化2期",20.66,"21.68",22.07,23.53
"373","悟空对冲量化三期",33.4,"36.94",38.55,39.85
"674","悟空同创量化1期",20.09,"23.78",24.13,26.4
"505","西藏隆源对冲1号",26.31,"37.28",41.88,45.39
"1491","西藏同信同心5号",-57.34,"-52.41",-47.48,-46.85
"362","喜马拉雅1期",34.25,"31.11",30.8,35.19
"357","先锋1号",34.49,"46.89",55,44.43
"560","先锋6号Ⅱ期",24.24,"37.07",36.18,50.52
"425","先机策略精选",30.13,"38.39",34.51,37.3
"1488","湘财资本1号",-51.39,"-51.95",-48.01,-48.7
"160","湘禾一号基金",53,"6.91",20.27,26.82
"1213","箫峰飞龙1号",-2.78,"4.64",6.71,21.07
"617","小马证券",21.9,"27.37",26.83,33.95
"1391","新动力投资基金1号",-15.41,"-10.04",-7.62,-8.15
"1081","新价值",3.92,"16.91",14.45,29.24
"187","新价值10期",49.32,"26.92",35.18,54.56
"272","新价值11号",40.11,"13.47",19.7,33.33
"90","新价值12号",63.76,"28.76",34.87,56.03
"481","新价值15期",27.6,"20.04",33.51,49.75
"325","新价值16号",36.02,"27.68",35.88,53.78
"74","新价值19期",67.46,"22.56",39.79,54.83
"289","新价值1期",39,"14.02",19.07,37.95
"97","新价值20期",61.71,"15.22",30.92,41.04
"216","新价值4号",44.91,"34.48",46,66.7
"315","新价值5号",36.92,"27.02",37.79,57.34
"129","新价值9期",57.55,"44.8",57.01,79.94
"113","新价值成长一期A",59.44,"30.05",43.89,63.73
"61","新思哲1期",74.36,"78.32",83.59,94.52
"264","新同方",40.68,"40.63",41.98,44.16
"179","鑫安1期",50.21,"66",74.06,71.24
"193","鑫安2期",48.79,"64.92",72.26,69.58
"154","鑫安3期",54.09,"70.44",78.56,75.91
"953","鑫富越1号",8.84,"12.95",12.9,13.79
"153","鑫扬一期",54.18,"54.95",50.51,55.09
"1398","鑫增长1号",-15.98,"-3.53",-6.61,-1.79
"482","信复创值1号",27.5,"29.8",50.08,60.08
"402","信复创值2号",31.59,"32.31",48.41,58.77
"510","信复创值3号",26.08,"28.27",41.09,49
"1321","信璞深蓝",-8.84,"-3.95",-1.63,7.98
"1051","信璞硬资产",4.62,"10.67",15.24,27.43
"1122","信投鼎利13号",1.72,"3.73",3.5,-10.99
"977","信投鼎利14号",7.6,"7.13",4.9,36.95
"579","信投鼎利1号",23.69,"30.77",25.92,58.1
"1173","信投鼎利3号",-0.78,"2.83",10.22,17.6
"527","星石10期",25.55,"33.13",51.36,48.94
"570","星石11期",23.91,"31.35",49.25,46.96
"715","星石12期",18.33,"31.96",40.64,44.73
"619","星石13期",21.84,"42.35",54.38,55.59
"704","星石14期",18.61,"32.26",40.75,44.67
"795","星石15期",15.26,"31.4",39.91,44.02
"593","星石16期",22.75,"44.18",56.26,57.44
"748","星石17期",17.21,"29.97",38.59,42.54
"690","星石18期",19.29,"32.22",40.86,44.92
"686","星石19期",19.41,"33.59",42.24,46.3
"604","星石1期",22.49,"42.91",55.13,56.61
"591","星石20期",22.88,"33.3",43.76,47.96
"596","星石21期",22.64,"34.66",43.06,47.13
"601","星石2期",22.52,"42.4",54.41,55.74
"599","星石3期",22.58,"43.07",55.19,56.55
"594","星石4期",22.68,"43",55.06,56.38
"650","星石5期",20.97,"40.71",52.67,54.04
"648","星石6期",21.1,"40.87",52.82,54.18
"595","星石7期",22.68,"42.78",54.84,56.16
"654","星石8期",20.78,"40.82",52.65,50.85
"733","星石9期",17.81,"30.31",38.61,42.72
"889","星石回报1期",11.46,"23.9",30.87,34.59
"1240","兴业金麒麟核心优势",-3.88,"1.27",5.14,-25.19
"461","徐星投资",28.55,"31.85",33.18,40.32
"728","徐星团队基金",17.98,"23.29",23.81,31.63
"1404","雪球2期",-16.37,"-14.57",-13.74,-7.56
"330","衍航1号",35.86,"38.73",35.12,40.48
"1166","壹财富源和一期",-0.5,"13.21",18.62,28.33
"5","倚天雅莉3号",248.71,"306.87",331.24,333.9
"1101","奕金安2期",2.8,"10.25",9.87,26
"996","奕金安一期",6.88,"15.45",16.43,33.51
"836","毅扬2期",13.68,"5.43",5.11,5.9
"1354","毅扬3期",-11.38,"-3.4",-3.82,-2.64
"400","翼虎成长1期",31.62,"31.71",37.1,46.33
"276","翼虎成长2期",39.96,"40.04",45.8,61.05
"405","翼虎成长3期",31.41,"31.45",36.47,44.63
"133","懿和1号",56.91,"73.61",57.33,53.08
"1429","懿和二期",-20.01,"-12.78",-13.01,-8.4
"223","银帆2期",44.1,"43.59",34.68,34.55
"496","银帆3期",26.6,"40.09",34.68,34.54
"312","银帆5期",37.29,"51.67",57.1,65.54
"292","银帆6期",38.9,"49.5",50.23,50.33
"72","银帆7期",69.56,"77.8",79.43,79.19
"48","银帆8期",83.35,"82.21",76.75,76.52
"767","银河福星1号",16.45,"24.1",30.43,29.68
"395","银河投资智富理财2",32.19,"36.11",41.32,42.49
"310","银垒成长1号",37.39,"40.96",51.27,52.74
"399","银石1期",31.62,"51.28",58.12,67.52
"611","银石2期",22.35,"41.02",45.28,54.88
"318","银石3号",36.78,"54.8",54.51,63.61
"368","银石5期",33.81,"55.37",58.96,66.94
"539","银石6期",24.98,"44.19",49.25,59.29
"1068","隐形冠军3期",4.29,"9.6",16.75,16.76
"1032","隐形冠军一期",5.27,"13.8",17.01,16.11
"1456","英飞投资1号",-28.54,"-28.54",-28.66,-31.81
"565","英蓝价值动量1号",24.05,"35.73",42.91,42.71
"201","鹰影尊享1号",47.53,"52.29",82.81,82.67
"433","鹰影尊享3号",29.66,"31.54",60.3,59.22
"1090","盈丰康伦1期",3.3,"13.14",14.16,13.04
"1280","盈峰成长6期",-6.41,"-0.76",-2.21,2.58
"1217","盈捷九头鸟1期",-2.83,"9.19",7.63,6.93
"845","盈捷九头鸟2期",13.02,"28.21",28.22,27.23
"972","赢华多策略1期",7.79,"7.47",7.22,6.92
"1437","赢隆1期",-22.93,"-15.51",-6.39,-4.79
"1454","赢隆2期",-27.78,"-19.11",-15.64,-4.48
"206","映雪霜雪1期",46.78,"69.44",85.6,99.22
"165","映雪霜雪2期",52.7,"75.76",93.32,105.97
"833","永韵骐邦一号",13.78,"25.61",40.51,40.1
"230","优胜回报1期",43.59,"42.47",47.25,48.71
"1419","铀链大盘波段1号",-18.06,"-11.81",1.47,6.94
"727","渝信壹号",18.03,"31.57",33.49,38.78
"1042","愚公移山1号",4.78,"7.62",13.13,17.78
"224","宇迪钱王山1号",43.91,"37.64",42.42,50.28
"509","玉麒麟5号",26.09,"29.91",28.56,26.17
"428","玉麒麟价值成长",30.02,"43.14",49.29,52.67
"364","峪源量化多策略资产",34.15,"36.26",40.87,43.74
"1358","御峰一号",-11.73,"-11.37",-15.67,-13.32
"354","裕晋5期",34.54,"36.96",38.95,38.16
"282","裕晋投资9期",39.78,"39.78",39.09,42.94
"840","元普金牛2号",13.53,"14.36",29.55,23.35
"1461","圆石大趋势成长1期",-29.7,"-7",-4.7,0.8
"164","源乐晟10期",52.71,"66.91",75.13,76.51
"139","源乐晟11期",55.99,"72.18",84.57,87.2
"149","源乐晟2期",54.67,"68.26",76.25,77.3
"211","源乐晟4期",46.12,"59.25",66.56,67.84
"159","源乐晟5期",53.01,"70.79",82.28,84.48
"151","源乐晟6期",54.46,"72.33",85.63,86.66
"145","源乐晟7期",55.24,"70.1",80.96,82.18
"45","源乐晟8期",87.11,"103.47",124.04,128.48
"104","源乐晟9期",60.34,"83.79",108.13,113.75
"89","源乐晟策略创新1期",64.05,"82.56",102.38,107.98
"168","源乐晟全球成长",51.69,"63.49",73.61,76.16
"835","远策11期",13.73,"18.96",21.49,28.69
"731","远策1期",17.9,"22.56",23.34,26.67
"1034","远策2期",5.15,"9.92",12.68,16.11
"938","远策3期",9.55,"14.93",17.99,27.03
"842","远策4期",13.42,"22.16",27.83,34.56
"584","远策5期",23.28,"26.35",27.9,30.24
"606","远策6期",22.44,"31.06",36.07,42.32
"961","远策7期",8.61,"13.14",16.56,19.23
"768","远策9期",16.39,"20.13",21.13,24.32
"749","远策对冲1号",17.2,"21.76",23.25,25.69
"1457","远见者1期",-29.09,"-20.92",-13.92,-8.05
"1364","云程泰(五期)",-12.55,"12.05",23.46,24.71
"1218","云程泰3期",-2.84,"24.28",38.47,44.46
"1117","云程泰增值",1.92,"31.1",48.85,48.49
"1145","云程泰增值二期",0.78,"28.98",40.08,40.47
"954","云腾1期",8.82,"34.11",42.68,52.47
"1347","蕴泽1号",-10.89,"-10.7",-13.34,-12.78
"1444","蕴泽2号",-25.33,"-25.17",-28.23,-29.07
"1435","蕴泽3号",-21.7,"-21.58",-20.31,-21.96
"1385","泽里和1号",-14.49,"-2.45",9.43,27.19
"52","泽泉福虹财富",79.04,"78.9",78.7,80.75
"4","泽泉景渤财富",252.23,"252.06",251.69,251.5
"18","泽泉盛辉",136.18,"136.06",135.9,135.99
"84","泽泉信德",65.09,"65",64.84,64.74
"23","泽泉涨停板1号",116.99,"116.87",116.8,116.53
"1278","泽祥1号",-6.26,"31.61",45.99,66.35
"1149","增强42号",0.52,"5.28",1.98,-1.52
"1477","锃亮一期",-38.98,"-33.14",-33.34,-33.58
"181","展博1期",49.88,"51.95",72.39,75.4
"191","展博2期",49.05,"62.12",84.05,84.42
"138","展博5期",56.18,"61.18",83.65,87.9
"41","展博恒享1期",88.69,"114.12",139.87,140.9
"196","展博新兴产业",48.28,"53.15",80.18,81.97
"142","展博专注A期",55.95,"60.91",83.32,87.54
"143","展博专注B期",55.94,"60.9",83.29,87.51
"141","展博专注C期",55.96,"60.93",83.32,87.53
"140","展博专注D期",55.97,"60.94",83.34,87.56
"947","长安投资266号",9.19,"16.73",13.47,19.34
"1384","长金11号",-14.45,"-7.27",-2.77,8.98
"1441","长金2号",-24.11,"-10.27",-3.26,4.76
"1426","长金4号",-19.48,"-7.98",-3.99,12.08
"1430","长金7号",-20.46,"-11.4",2.41,6.4
"1309","长金8号Ⅱ期",-8.36,"-1.5",2.79,16.68
"1311","长金8号Ⅲ期",-8.37,"-1.5",2.79,16.68
"1310","长金8号Ⅳ期",-8.37,"-1.5",2.79,16.68
"1349","长金9号",-11.19,"-4.39",1.4,4.8
"1362","长金银信宝2期",-12.18,"-8.25",-5.68,2.58
"1474","长青1期",-37.08,"-20.71",-14.6,-18.84
"1337","长青藤2期",-10.31,"-1.28",1.38,5.69
"386","招商汇智之凤翔1号",32.79,"49.02",49.02,60.5
"274","招商汇智之天马领航",40.08,"46.18",46.35,47.17
"259","招商汇智之喜马拉雅",41.18,"32.7",32.79,32.96
"222","招商智远美丽中国",44.27,"46.09",46.36,48.94
"1448","昭时二期",-26.8,"-4.34",-8.13,-6.73
"266","兆信1期",40.49,"41.69",39.06,37.94
"15","兆意1期",142.37,"164.48",176.57,213.34
"1322","兆泽利丰1期",-9.04,"3.67",6.6,8.34
"1301","柘弓1期",-7.91,"0.07",7.81,14.23
"762","浙商金惠1号",16.68,"27.42",32.83,33.96
"288","浙商金惠2号",39,"50.42",43.72,44.62
"71","浙商金惠3号",69.58,"97.84",119.27,132.08
"161","浙商金惠海宁钱潮",52.97,"65.07",64.72,68.85
"189","浙商金惠引航",49.23,"57.26",60.57,68.4
"469","峥战1期",28.1,"37.1",38.02,37.84
"68","正弘1号",70.43,"77.1",85.07,94.73
"150","正朗成长资产",54.49,"57.54",58.44,63.55
"537","证大稳健",25.08,"52.35",99.6,155.82
"1030","证研一期",5.36,"21.32",19.87,27.11
"1346","执耳医药",-10.86,"-0.96",0.24,5.64
"646","至尊6号六禾成长",21.13,"29.52",37.27,39.59
"745","至尊宝",17.41,"20.11",20.85,28.27
"421","志禾对冲1号",30.25,"34.36",34.97,32.44
"98","质嘉一期",61.5,"68.36",66.08,73.13
"351","智博方略2期(续)",34.63,"39.33",35.3,28
"1116","智诚5期",1.92,"16.01",16.52,36.27
"1108","智诚6期",2.6,"20.7",42.8,40.4
"756","智诚7期",16.89,"25.78",36.68,29.05
"1161","智诚8期基金",-0.2,"17.17",36,34.83
"826","智德1期",14.16,"16.3",18.47,19.77
"759","智德精选3期",16.8,"12.47",19.68,22.87
"808","智德精选5期",14.95,"-0.5",10.75,14.32
"844","智德精选6期",13.09,"12.25",-3.87,-1.17
"944","智信创富1期",9.28,"25.27",34.94,37.14
"858","智信创富2期",12.43,"28.37",37.98,39.21
"1464","智信创富汇富1期",-33.2,"-30.2",-32.2,-22.5
"1251","中风投一号",-4.46,"-4.18",-4.28,-4.38
"1381","中国龙回报1期",-14.22,"-13.11",-12.95,-3.26
"1329","中国龙价值",-9.67,"-9.03",-9.03,-7.5
"1288","中国龙价值对冲1号",-6.84,"-6.25",-6.26,-5.88
"984","中国龙价值二",7.24,"7.82",7.92,9.57
"1100","中国龙进取",2.85,"6.77",6.35,9.81
"1330","中国龙精选",-9.7,"-0.49",-2.78,14.01
"641","中国龙精选(三)",21.39,"24.49",23.86,28.83
"566","中国龙精选二",24.04,"27.41",26.73,33.87
"662","中国龙平衡",20.53,"22.23",20.95,22.82
"1267","中国龙稳健",-5.43,"-3.61",-3.42,2.17
"1348","中国龙稳健(五)",-10.91,"-9.26",-9.11,1.44
"925","中国龙增长",9.99,"12.45",11.96,17.5
"1412","中国龙资本",-17.41,"-15.57",-14.13,-5.5
"723","中国优质1号",18.11,"22.61",23.95,28.5
"864","中金对冲10号",12.29,"13.14",13.4,14.54
"1040","中金对冲1号",4.94,"5.25",6.93,8.61
"1076","中金对冲3号",4.13,"3.66",5.17,7.67
"1071","中金对冲5号",4.2,"3.92",5.41,8.03
"810","中金对冲6号",14.89,"14.66",16.06,18.59
"772","中金对冲9号",16.28,"17.69",21.8,26.62
"891","中金家族1号",11.4,"7.5",29.7,38.7
"1246","中科智1号",-4.14,"4.11",8.89,17.38
"374","中欧瑞博1期",33.38,"44.05",56.76,56.43
"1436","中欧瑞博6期",-22.84,"-17.72",48.51,49.57
"449","中欧瑞博一期",28.99,"36.85",43.28,46.86
"309","中睿合银15期",37.48,"27.52",31.35,27.71
"239","中睿合银7期",42.83,"32.45",34.47,34.25
"231","中睿合银8期",43.41,"34.98",36.36,32.56
"246","中睿合银9期",41.98,"32.76",38.74,31.49
"279","中睿合银二期",39.91,"28.56",31.49,28.71
"277","中睿吉祥管家10期",39.95,"31.5",35.3,31.32
"6","中山宝睿精选",202.2,"127.44",127.51,127.72
"36","中山盛翔2号",94.82,"93.25",93.12,92.92
"781","中信宏量2号",16.04,"19.45",22.99,20.37
"988","中域增值1期",7.18,"11.6",19.53,20.2
"367","中卓成长1期",33.85,"49.5",58.88,67.34
"976","中卓大健康5期",7.62,"6.22",10.85,13.32
"1449","中卓大健康6期",-27.02,"-24.48",-24.19,-23.46
"963","重阳1期",8.54,"19.42",19.3,26.65
"930","重阳2期",9.72,"15.79",16.69,19.55
"794","重阳6期",15.36,"21.95",17.42,23.02
"582","重阳8期",23.39,"26.21",23.21,30.21
"417","重阳对冲1号",30.51,"27.93",18.24,18.34
"725","重阳对冲2号",18.07,"21.05",21.79,25.55
"839","重阳对冲3号",13.55,"28.73",32.31,36.22
"602","重阳目标回报1期",22.52,"34.13",34.26,44.72
"603","重阳目标尊享A期",22.52,"34.12",34.7,44.71
"236","朱雀10期",42.98,"51.59",52.88,67.68
"293","朱雀12期",38.71,"46.42",47.45,60.91
"258","朱雀13期",41.21,"51.08",51.47,66.9
"586","朱雀14期",23.19,"36.09",37.29,50.79
"638","朱雀15期",21.47,"31.27",31.85,45.17
"269","朱雀17期",40.34,"48.44",48.26,64.11
"106","朱雀18期",60.03,"69.54",70.98,85.06
"306","朱雀19期",37.61,"45.55",45.18,60.4
"406","朱雀20期",31.4,"37.8",37.39,51.69
"250","朱雀22期",41.72,"48.87",48.81,63.63
"431","朱雀2期",29.9,"41.93",44.41,51.8
"391","朱雀3期",32.56,"44.53",47.04,54.66
"299","朱雀4期",38.18,"45.25",45.02,60.05
"344","朱雀5期",35.06,"42.11",41.84,56.61
"294","朱雀9期",38.57,"45.66",47.77,62.08
"689","朱雀二期A",19.37,"27.39",28.07,40.6
"683","朱雀二期B",19.49,"27.53",28.23,40.79
"388","朱雀合伙专项",32.63,"44.58",47.08,54.64
"254","朱雀新机遇",41.61,"53.41",54.07,70.63
"253","朱雀新机遇汇智A期",41.62,"53.41",54.07,70.63
"375","朱雀新经济",33.28,"42.83",44.01,60.1
"125","朱雀专享1号",57.99,"66.39",66.65,83.94
"712","卓越1号",18.46,"18.56",19.35,21.13
"906","资富精鉴基金",10.69,"13.17",12.44,26.13
"605","紫金港1号",22.49,"42.73",42.01,50.87
"1440","紫微星1号",-24.11,"-14.29",-12.5,-9.82
"213","自然道量化1期",46,"45.8",46.31,47.41
"1406","尊富1号",-16.89,"-12.53",-11.46,-4.94
"1162","尊岳进取2号",-0.22,"3.06",0.75,2.04
"1085","尊岳进取3号",3.63,"5.11",6.17,5.95
"1006","尊岳进取5号",6.41,"7.43",6.82,7.5
